num_attributes,exitCode,execTime,gasCost,gasPrice,etherCost,gasLimit,timestamp
1,0,352,134509,32203857762,4.176797730075629e-06,124743880,1606252087922
1,0,408,160141,32203857762,4.972727217450439e-06,124743880,1606253012205
2,0,310,134559,32203857762,4.178350339094384e-06,124743880,1606253014045
3,0,452,160033,32203857762,4.969373581969928e-06,124743880,1606253015837
4,0,471,160201,32203857762,4.974590348272946e-06,124743880,1606253017790
5,0,508,195523,32203857762,6.071415463482571e-06,124743880,1606253019781
6,0,514,180741,32203857762,5.612402133177699e-06,124743880,1606253021941
7,0,467,180909,32203857762,5.617618899480718e-06,124743880,1606253024162
8,0,493,201281,32203857762,6.250213918082452e-06,124743880,1606253026508
9,0,487,216399,32203857762,6.71966078099336e-06,124743880,1606253028948
10,0,537,221821,32203857762,6.888025702987204e-06,124743880,1606253031791
11,0,434,221989,32203857762,6.893242469290223e-06,124743880,1606253034443
12,0,481,242361,32203857762,7.525837487891957e-06,124743880,1606253036900
13,0,518,257479,32203857762,7.995284350802865e-06,124743880,1606253039438
14,0,614,262901,32203857762,8.16364927279671e-06,124743880,1606253042135
15,0,567,263069,32203857762,8.16886603909973e-06,124743880,1606253044981
16,0,590,263237,32203857762,8.174082805402748e-06,124743880,1606253047844
17,0,600,298559,32203857762,9.270907920612372e-06,124743880,1606253050791
18,0,642,283777,32203857762,8.8118945903075e-06,124743880,1606253053711
19,0,703,304161,32203857762,9.444862235073736e-06,124743880,1606253056850
20,0,597,304329,32203857762,9.450079001376754e-06,124743880,1606253059886
21,0,657,339651,32203857762,1.0546904116586379e-05,124743880,1606253062992
22,0,647,324869,32203857762,1.0087890786281508e-05,124743880,1606253066226
23,0,632,325037,32203857762,1.0093107552584526e-05,124743880,1606253069458
24,0,694,345409,32203857762,1.072570257118626e-05,124743880,1606253072689
25,0,643,360527,32203857762,1.1195149434097168e-05,124743880,1606253076339
26,0,687,365949,32203857762,1.1363514356091013e-05,124743880,1606253079958
27,0,705,366117,32203857762,1.1368731122394031e-05,124743880,1606253083637
28,0,795,386489,32203857762,1.2001326140995765e-05,124743880,1606253087381
29,0,863,401607,32203857762,1.2470773003906674e-05,124743880,1606253091103
30,0,801,407030,32203857762,1.2639168978080894e-05,124743880,1606253095602
31,0,853,407198,32203857762,1.2644385744383912e-05,124743880,1606253099763
32,0,792,407366,32203857762,1.264960251068693e-05,124743880,1606253103696
33,0,878,442688,32203857762,1.3746427625896555e-05,124743880,1606253107854
34,0,809,427906,32203857762,1.3287414295591684e-05,124743880,1606253111939
35,0,1126,448278,32203857762,1.3920009314193418e-05,124743880,1606253116132
36,0,840,448446,32203857762,1.3925226080496436e-05,124743880,1606253120459
37,0,876,483768,32203857762,1.502205119570606e-05,124743880,1606253124722
38,0,840,468986,32203857762,1.456303786540119e-05,124743880,1606253129217
39,0,1122,469154,32203857762,1.4568254631704207e-05,124743880,1606253133563
40,0,865,489526,32203857762,1.5200849650305943e-05,124743880,1606253138062
41,0,1156,504644,32203857762,1.567029651321685e-05,124743880,1606253142461
42,0,1060,510066,32203857762,1.5838661435210697e-05,124743880,1606253147291
43,0,998,510234,32203857762,1.5843878201513715e-05,124743880,1606253152096
44,0,1027,530606,32203857762,1.6476473220115447e-05,124743880,1606253156922
45,0,896,545724,32203857762,1.6945920083026357e-05,124743880,1606253161828
46,0,1025,551146,32203857762,1.71142850050202e-05,124743880,1606253166689
47,0,849,551314,32203857762,1.711950177132322e-05,124743880,1606253171648
48,0,1131,551470,32203857762,1.7124345911461737e-05,124743880,1606253176329
49,0,1157,586804,32203857762,1.822154365283586e-05,124743880,1606253181797
50,0,1250,572022,32203857762,1.776253032253099e-05,124743880,1606253186994
51,0,1116,592395,32203857762,1.83951563933131e-05,124743880,1606253192225
52,0,1106,592563,32203857762,1.840037315961612e-05,124743880,1606253197383
53,0,1044,627885,32203857762,1.9497198274825743e-05,124743880,1606253203000
54,0,1177,613103,32203857762,1.9038184944520872e-05,124743880,1606253208176
55,0,1261,613259,32203857762,1.9043029084659388e-05,124743880,1606253214045
56,0,1459,633643,32203857762,1.9675996729425623e-05,124743880,1606253219757
57,0,1224,648761,32203857762,2.0145443592336533e-05,124743880,1606253225568
58,0,1040,654183,32203857762,2.0313808514330376e-05,124743880,1606253231285
59,0,1323,654351,32203857762,2.0319025280633394e-05,124743880,1606253236815
60,0,1339,674723,32203857762,2.095162029923513e-05,124743880,1606253242884
61,0,1593,689841,32203857762,2.1421067162146037e-05,124743880,1606253249061
62,0,1558,695263,32203857762,2.1589432084139884e-05,124743880,1606253255706
63,0,1539,695431,32203857762,2.15946488504429e-05,124743880,1606253262928
64,0,1444,695599,32203857762,2.159986561674592e-05,124743880,1606253269441
65,0,1479,730921,32203857762,2.2696690731955544e-05,124743880,1606253275999
66,0,1468,716139,32203857762,2.2237677401650673e-05,124743880,1606253282680
67,0,1455,736511,32203857762,2.2870272420252405e-05,124743880,1606253289499
68,0,1544,736679,32203857762,2.2875489186555427e-05,124743880,1606253296383
69,0,1790,772002,32203857762,2.3972345353945423e-05,124743880,1606253302947
70,0,1587,757220,32203857762,2.3513332023640552e-05,124743880,1606253310483
71,0,1701,757388,32203857762,2.351854878994357e-05,124743880,1606253318018
72,0,1518,777760,32203857762,2.4151143808545306e-05,124743880,1606253325634
73,0,1698,792878,32203857762,2.4620590671456213e-05,124743880,1606253332834
74,0,1547,798300,32203857762,2.478895559345006e-05,124743880,1606253340367
75,0,2543,798468,32203857762,2.4794172359753077e-05,124743880,1606253347525
76,0,1527,818840,32203857762,2.5426767378354813e-05,124743880,1606253355723
77,0,1684,833958,32203857762,2.589621424126572e-05,124743880,1606253362894
78,0,1553,839380,32203857762,2.6064579163259563e-05,124743880,1606253370558
79,0,1913,839548,32203857762,2.6069795929562585e-05,124743880,1606253377855
80,0,1632,839716,32203857762,2.6075012695865603e-05,124743880,1606253386106
81,0,2071,875038,32203857762,2.7171837811075227e-05,124743880,1606253393888
82,0,1908,860256,32203857762,2.6712824480770353e-05,124743880,1606253402692
83,0,1933,880629,32203857762,2.7345450551552464e-05,124743880,1606253410803
84,0,1958,880797,32203857762,2.7350667317855482e-05,124743880,1606253419312
85,0,2450,916119,32203857762,2.8447492433065106e-05,124743880,1606253427991
86,0,1632,901337,32203857762,2.7988479102760235e-05,124743880,1606253436324
87,0,1900,901505,32203857762,2.7993695869063253e-05,124743880,1606253444475
88,0,2357,921877,32203857762,2.862629088766499e-05,124743880,1606253453198
89,0,1875,936995,32203857762,2.9095737750575896e-05,124743880,1606253466634
90,0,1842,942417,32203857762,2.9264102672569743e-05,124743880,1606253475685
91,0,1867,942585,32203857762,2.926931943887276e-05,124743880,1606253485639
92,0,1820,962957,32203857762,2.9901914457474493e-05,124743880,1606253494446
93,0,2206,978075,32203857762,3.0371361320385403e-05,124743880,1606253503150
94,0,1807,983498,32203857762,3.053975729455962e-05,124743880,1606253512527
95,0,1701,983666,32203857762,3.054497406086264e-05,124743880,1606253521346
96,0,1733,983834,32203857762,3.055019082716566e-05,124743880,1606253530280
97,0,2089,1019156,32203857762,3.1647015942375286e-05,124743880,1606253539339
98,0,2255,1004374,32203857762,3.118800261207041e-05,124743880,1606253548582
99,0,1777,1024746,32203857762,3.182059763067215e-05,124743880,1606253558318
100,0,2168,1024914,32203857762,3.1825814396975165e-05,124743880,1606253567368
101,0,2090,1060236,32203857762,3.2922639512184786e-05,124743880,1606253577035
102,0,2311,1045454,32203857762,3.246362618187992e-05,124743880,1606253586587
103,0,2062,1045622,32203857762,3.2468842948182937e-05,124743880,1606253596131
104,0,2420,1065994,32203857762,3.310143796678467e-05,124743880,1606253605753
105,0,2272,1081112,32203857762,3.3570884829695576e-05,124743880,1606253615546
106,0,1884,1086535,32203857762,3.37392808038698e-05,124743880,1606253625781
107,0,2199,1086703,32203857762,3.3744497570172816e-05,124743880,1606253635458
108,0,2221,1107075,32203857762,3.437709258877455e-05,124743880,1606253645146
109,0,2442,1122193,32203857762,3.484653945168546e-05,124743880,1606253655433
110,0,2082,1127615,32203857762,3.5014904373679305e-05,124743880,1606253665584
111,0,3477,1127783,32203857762,3.502012113998232e-05,124743880,1606253675339
112,0,2217,1127951,32203857762,3.502533790628534e-05,124743880,1606253686902
113,0,2051,1163273,32203857762,3.612216302149496e-05,124743880,1606253698542
114,0,2166,1148491,32203857762,3.5663149691190094e-05,124743880,1606253709005
115,0,2317,1168864,32203857762,3.62957757619722e-05,124743880,1606253719346
116,0,2310,1169032,32203857762,3.630099252827522e-05,124743880,1606253729875
117,0,2085,1204354,32203857762,3.739781764348485e-05,124743880,1606253740236
118,0,2412,1189572,32203857762,3.6938804313179973e-05,124743880,1606253750419
119,0,2046,1189740,32203857762,3.694402107948299e-05,124743880,1606253761432
120,0,2393,1210112,32203857762,3.757661609808473e-05,124743880,1606253771933
121,0,2250,1225230,32203857762,3.804606296099564e-05,124743880,1606253782632
122,0,2404,1230652,32203857762,3.821442788298948e-05,124743880,1606253793639
123,0,2498,1230820,32203857762,3.82196446492925e-05,124743880,1606253805120
124,0,2154,1251193,32203857762,3.8852270720074606e-05,124743880,1606253817260
125,0,2504,1266311,32203857762,3.9321717582985516e-05,124743880,1606253828364
126,0,2700,1271733,32203857762,3.949008250497936e-05,124743880,1606253839234
127,0,2862,1271901,32203857762,3.949529927128238e-05,124743880,1606253850523
128,0,2715,1272069,32203857762,3.9500516037585396e-05,124743880,1606253862080
129,0,2776,1307391,32203857762,4.0597341152795024e-05,124743880,1606253873952
130,0,2099,1292609,32203857762,4.013832782249015e-05,124743880,1606253885694
131,0,2308,1312981,32203857762,4.0770922841091885e-05,124743880,1606253896500
132,0,2599,1313149,32203857762,4.07761396073949e-05,124743880,1606253908170
133,0,2868,1348472,32203857762,4.18729957747849e-05,124743880,1606253919255
134,0,2442,1333690,32203857762,4.141398244448003e-05,124743880,1606253931512
135,0,2299,1333858,32203857762,4.141919921078305e-05,124743880,1606253943031
136,0,2211,1354230,32203857762,4.205179422938478e-05,124743880,1606253954421
137,0,3056,1369348,32203857762,4.252124109229569e-05,124743880,1606253965591
138,0,2507,1374770,32203857762,4.2689606014289536e-05,124743880,1606253978413
139,0,3653,1374938,32203857762,4.2694822780592554e-05,124743880,1606253991279
140,0,3272,1395310,32203857762,4.332741779919429e-05,124743880,1606254004396
141,0,2717,1410428,32203857762,4.37968646621052e-05,124743880,1606254017488
142,0,2729,1415851,32203857762,4.396526063627942e-05,124743880,1606254030520
143,0,3192,1416019,32203857762,4.397047740258244e-05,124743880,1606254043040
144,0,2879,1416187,32203857762,4.397569416888546e-05,124743880,1606254056027
145,0,2799,1451509,32203857762,4.507251928409508e-05,124743880,1606254068850
146,0,2553,1436727,32203857762,4.461350595379021e-05,124743880,1606254081896
147,0,2928,1457099,32203857762,4.524610097239194e-05,124743880,1606254094870
148,0,3161,1457267,32203857762,4.525131773869496e-05,124743880,1606254107737
149,0,3243,1492589,32203857762,4.6348142853904586e-05,124743880,1606254121410
150,0,2685,1477807,32203857762,4.588912952359971e-05,124743880,1606254134894
151,0,3260,1477975,32203857762,4.589434628990273e-05,124743880,1606254147541
152,0,2895,1498348,32203857762,4.6526972360684844e-05,124743880,1606254160982
153,0,3153,1513466,32203857762,4.699641922359575e-05,124743880,1606254174727
154,0,3446,1518876,32203857762,4.7164411519425095e-05,124743880,1606254188455
155,0,2916,1519056,32203857762,4.7170000911892615e-05,124743880,1606254202754
156,0,3039,1539428,32203857762,4.7802595930494344e-05,124743880,1606254215969
157,0,2733,1554546,32203857762,4.8272042793405255e-05,124743880,1606254228961
158,0,3457,1559969,32203857762,4.8440438767579477e-05,124743880,1606254242448
159,0,3208,1560137,32203857762,4.8445655533882495e-05,124743880,1606254256704
160,0,2502,1560305,32203857762,4.845087230018551e-05,124743880,1606254270954
161,0,3203,1595627,32203857762,4.9547697415395134e-05,124743880,1606254283973
162,0,3722,1580845,32203857762,4.9088684085090266e-05,124743880,1606254298610
163,0,3729,1601217,32203857762,4.9721279103692e-05,124743880,1606254317543
164,0,3451,1601385,32203857762,4.972649586999502e-05,124743880,1606254335390
165,0,3036,1636708,32203857762,5.082335203738502e-05,124743880,1606254350448
166,0,3616,1621926,32203857762,5.0364338707080145e-05,124743880,1606254365563
167,0,3300,1622094,32203857762,5.036955547338316e-05,124743880,1606254380060
168,0,3432,1642466,32203857762,5.10021504919849e-05,124743880,1606254394185
169,0,2848,1657584,32203857762,5.147159735489581e-05,124743880,1606254408995
170,0,2833,1663006,32203857762,5.163996227688965e-05,124743880,1606254423162
171,0,3252,1663174,32203857762,5.164517904319267e-05,124743880,1606254437325
172,0,2812,1683547,32203857762,5.227780511397478e-05,124743880,1606254452198
173,0,3390,1698665,32203857762,5.274725197688569e-05,124743880,1606254466719
174,0,3453,1704087,32203857762,5.291561689887953e-05,124743880,1606254482201
175,0,3022,1704255,32203857762,5.292083366518255e-05,124743880,1606254497424
176,0,3629,1704423,32203857762,5.292605043148557e-05,124743880,1606254512122
177,0,3215,1739745,32203857762,5.4022875546695195e-05,124743880,1606254528043
178,0,4049,1724963,32203857762,5.356386221639032e-05,124743880,1606254544002
179,0,3519,1745336,32203857762,5.419648828717243e-05,124743880,1606254560378
180,0,3996,1745504,32203857762,5.420170505347545e-05,124743880,1606254575865
181,0,3482,1780826,32203857762,5.5298530168685075e-05,124743880,1606254591768
182,0,3204,1766044,32203857762,5.48395168383802e-05,124743880,1606254608306
183,0,3508,1766188,32203857762,5.484398835235422e-05,124743880,1606254623601
184,0,3594,1786584,32203857762,5.5477328623284954e-05,124743880,1606254639233
185,0,3193,1801702,32203857762,5.5946775486195864e-05,124743880,1606254654989
186,0,3499,1807125,32203857762,5.6115171460370086e-05,124743880,1606254670370
187,0,4103,1807293,32203857762,5.6120388226673104e-05,124743880,1606254685918
188,0,3273,1827665,32203857762,5.675298324527484e-05,124743880,1606254701834
189,0,3294,1842783,32203857762,5.722243010818574e-05,124743880,1606254717409
190,0,3736,1848205,32203857762,5.7390795030179587e-05,124743880,1606254733271
191,0,3129,1848373,32203857762,5.739601179648261e-05,124743880,1606254749376
192,0,3977,1848541,32203857762,5.740122856278563e-05,124743880,1606254765119
193,0,3650,1883864,32203857762,5.849808473017563e-05,124743880,1606254782537
194,0,4593,1869082,32203857762,5.8039071399870755e-05,124743880,1606254798297
195,0,4573,1889454,32203857762,5.867166641847249e-05,124743880,1606254815803
196,0,4534,1889622,32203857762,5.867688318477551e-05,124743880,1606254833715
197,0,4235,1924945,32203857762,5.977373935216551e-05,124743880,1606254850652
198,0,3792,1910163,32203857762,5.9314726021860634e-05,124743880,1606254868647
199,0,4346,1910331,32203857762,5.931994278816365e-05,124743880,1606254885491
200,0,3745,1930703,32203857762,5.995253780676539e-05,124743880,1606254903213
201,0,4535,1945821,32203857762,6.04219846696763e-05,124743880,1606254920093
202,0,4740,1951243,32203857762,6.059034959167014e-05,124743880,1606254937787
203,0,4139,1951411,32203857762,6.059556635797316e-05,124743880,1606254955730
204,0,3808,1971784,32203857762,6.122819242875527e-05,124743880,1606254973191
205,0,4482,1986902,32203857762,6.169763929166618e-05,124743880,1606254990860
206,0,4642,1992324,32203857762,6.186600421366003e-05,124743880,1606255008953
207,0,4544,1992492,32203857762,6.187122097996304e-05,124743880,1606255027969
208,0,4016,1992660,32203857762,6.187643774626606e-05,124743880,1606255047151
209,0,3964,2027982,32203857762,6.297326286147568e-05,124743880,1606255064403
210,0,4068,2013200,32203857762,6.251424953117081e-05,124743880,1606255082290
211,0,4206,2033573,32203857762,6.314687560195292e-05,124743880,1606255100021
212,0,3824,2033741,32203857762,6.315209236825594e-05,124743880,1606255118087
213,0,3396,2069063,32203857762,6.424891748346557e-05,124743880,1606255135776
214,0,6915,2054281,32203857762,6.378990415316069e-05,124743880,1606255153163
215,0,3411,2054449,32203857762,6.379512091946371e-05,124743880,1606255178175
216,0,3737,2074822,32203857762,6.442774699024582e-05,124743880,1606255195702
217,0,4352,2089940,32203857762,6.489719385315672e-05,124743880,1606255213965
218,0,4035,2095362,32203857762,6.506555877515057e-05,124743880,1606255232638
219,0,4096,2095530,32203857762,6.507077554145359e-05,124743880,1606255251131
220,0,4812,2115902,32203857762,6.570337056005533e-05,124743880,1606255269069
221,0,3542,2131020,32203857762,6.617281742296623e-05,124743880,1606255287673
222,0,4062,2136443,32203857762,6.634121339714046e-05,124743880,1606255305677
223,0,4531,2136611,32203857762,6.634643016344347e-05,124743880,1606255325394
224,0,3819,2136779,32203857762,6.63516469297465e-05,124743880,1606255344204
225,0,4118,2172101,32203857762,6.744847204495611e-05,124743880,1606255362614
226,0,4210,2157319,32203857762,6.698945871465124e-05,124743880,1606255380873
227,0,4237,2177692,32203857762,6.762208478543335e-05,124743880,1606255399821
228,0,3849,2177860,32203857762,6.762730155173638e-05,124743880,1606255419241
229,0,5164,2213182,32203857762,6.872412666694599e-05,124743880,1606255438443
230,0,3532,2198400,32203857762,6.826511333664112e-05,124743880,1606255458130
231,0,4719,2198568,32203857762,6.827033010294415e-05,124743880,1606255476628
232,0,5402,2218941,32203857762,6.890295617372625e-05,124743880,1606255496757
233,0,3751,2234059,32203857762,6.937240303663716e-05,124743880,1606255516838
234,0,4049,2239481,32203857762,6.9540767958631e-05,124743880,1606255535349
235,0,4589,2239649,32203857762,6.954598472493403e-05,124743880,1606255553877
236,0,3987,2260021,32203857762,7.017857974353576e-05,124743880,1606255573819
237,0,5002,2275139,32203857762,7.064802660644667e-05,124743880,1606255593067
238,0,3749,2280562,32203857762,7.081642258062088e-05,124743880,1606255612869
239,0,4381,2280730,32203857762,7.08216393469239e-05,124743880,1606255631760
240,0,4174,2280898,32203857762,7.082685611322692e-05,124743880,1606255651061
241,0,4877,2316220,32203857762,7.192368122843654e-05,124743880,1606255671114
242,0,4000,2301438,32203857762,7.146466789813168e-05,124743880,1606255690873
243,0,4097,2321811,32203857762,7.209729396891378e-05,124743880,1606255710163
244,0,6764,2321979,32203857762,7.210251073521681e-05,124743880,1606255729484
245,0,4221,2357301,32203857762,7.319933585042642e-05,124743880,1606255752481
246,0,5669,2342519,32203857762,7.274032252012156e-05,124743880,1606255772510
247,0,4275,2342687,32203857762,7.274553928642458e-05,124743880,1606255793749
248,0,4182,2363060,32203857762,7.337816535720669e-05,124743880,1606255813645
249,0,4835,2378178,32203857762,7.384761222011759e-05,124743880,1606255834000
250,0,5307,2383600,32203857762,7.401597714211144e-05,124743880,1606255855035
251,0,4267,2383768,32203857762,7.402119390841446e-05,124743880,1606255876494
252,0,5246,2404141,32203857762,7.465381997919657e-05,124743880,1606255897283
253,0,3818,2419259,32203857762,7.512326684210747e-05,124743880,1606255918534
254,0,4101,2424681,32203857762,7.529163176410131e-05,124743880,1606255936781
255,0,5716,2424849,32203857762,7.529684853040434e-05,124743880,1606255954955
256,0,5037,2425017,32203857762,7.530206529670735e-05,124743880,1606255975593
257,0,4727,2460340,32203857762,7.639892146409735e-05,124743880,1606255995310
258,0,4763,2445558,32203857762,7.593990813379248e-05,124743880,1606256013463
259,0,4082,2465930,32203857762,7.657250315239422e-05,124743880,1606256032758
260,0,4673,2466098,32203857762,7.657771991869724e-05,124743880,1606256051116
261,0,4673,2501421,32203857762,7.767457608608723e-05,124743880,1606256070598
262,0,4885,2486639,32203857762,7.721556275578236e-05,124743880,1606256090556
263,0,3748,2486807,32203857762,7.722077952208539e-05,124743880,1606256111149
264,0,3816,2507179,32203857762,7.785337454068712e-05,124743880,1606256130457
265,0,4683,2522297,32203857762,7.832282140359803e-05,124743880,1606256149877
266,0,4885,2527720,32203857762,7.849121737777224e-05,124743880,1606256170301
267,0,5007,2527888,32203857762,7.849643414407527e-05,124743880,1606256190360
268,0,4673,2548260,32203857762,7.9129029162677e-05,124743880,1606256210766
269,0,4821,2563378,32203857762,7.95984760255879e-05,124743880,1606256231066
270,0,5677,2568801,32203857762,7.976687199976212e-05,124743880,1606256251470
271,0,4124,2568969,32203857762,7.977208876606514e-05,124743880,1606256272702
272,0,4895,2569137,32203857762,7.977730553236817e-05,124743880,1606256291938
273,0,5162,2604459,32203857762,8.087413064757778e-05,124743880,1606256312308
274,0,5758,2589677,32203857762,8.041511731727292e-05,124743880,1606256333558
275,0,4115,2610050,32203857762,8.104774338805502e-05,124743880,1606256354917
276,0,5433,2610218,32203857762,8.105296015435805e-05,124743880,1606256373887
277,0,6866,2645540,32203857762,8.214978526956766e-05,124743880,1606256395117
278,0,5776,2630758,32203857762,8.16907719392628e-05,124743880,1606256423361
279,0,4388,2630926,32203857762,8.169598870556582e-05,124743880,1606256446565
280,0,5971,2651299,32203857762,8.232861477634793e-05,124743880,1606256467727
281,0,5415,2666417,32203857762,8.279806163925883e-05,124743880,1606256489580
282,0,4900,2671839,32203857762,8.296642656125267e-05,124743880,1606256511344
283,0,5505,2672007,32203857762,8.29716433275557e-05,124743880,1606256532722
284,0,4945,2692380,32203857762,8.36042693983378e-05,124743880,1606256554840
285,0,5186,2707498,32203857762,8.407371626124871e-05,124743880,1606256576749
286,0,5696,2712920,32203857762,8.424208118324255e-05,124743880,1606256598305
287,0,4450,2713088,32203857762,8.424729794954558e-05,124743880,1606256621423
288,0,5422,2713256,32203857762,8.425251471584859e-05,124743880,1606256642696
289,0,4799,2748579,32203857762,8.534937088323859e-05,124743880,1606256665273
290,0,5541,2733797,32203857762,8.489035755293372e-05,124743880,1606256687225
291,0,5126,2754169,32203857762,8.552295257153546e-05,124743880,1606256709713
292,0,6868,2754337,32203857762,8.552816933783848e-05,124743880,1606256731620
293,0,7221,2789660,32203857762,8.662502550522848e-05,124743880,1606256756823
294,0,5782,2774878,32203857762,8.61660121749236e-05,124743880,1606256781116
295,0,5499,2775046,32203857762,8.617122894122663e-05,124743880,1606256804746
296,0,4630,2795418,32203857762,8.680382395982836e-05,124743880,1606256827708
297,0,5069,2810536,32203857762,8.727327082273926e-05,124743880,1606256850508
298,0,5496,2815959,32203857762,8.744166679691348e-05,124743880,1606256873309
299,0,5850,2816127,32203857762,8.74468835632165e-05,124743880,1606256896641
300,0,5087,2836499,32203857762,8.807947858181824e-05,124743880,1606256920667
301,0,5355,2851617,32203857762,8.854892544472914e-05,124743880,1606256944203
302,0,5211,2857040,32203857762,8.871732141890337e-05,124743880,1606256967341
303,0,5089,2857208,32203857762,8.872253818520638e-05,124743880,1606256989663
304,0,6092,2857376,32203857762,8.872775495150941e-05,124743880,1606257012972
305,0,6090,2892698,32203857762,8.982458006671902e-05,124743880,1606257037019
306,0,5901,2877916,32203857762,8.936556673641416e-05,124743880,1606257062046
307,0,7309,2898289,32203857762,8.999819280719626e-05,124743880,1606257086299
308,0,5766,2898457,32203857762,9.000340957349929e-05,124743880,1606257112116
309,0,6632,2933780,32203857762,9.110026574088929e-05,124743880,1606257135763
310,0,5928,2918998,32203857762,9.06412524105844e-05,124743880,1606257161065
311,0,5908,2919154,32203857762,9.064609655072293e-05,124743880,1606257186367
312,0,6659,2939538,32203857762,9.127906419548917e-05,124743880,1606257210423
313,0,7084,2954656,32203857762,9.174851105840007e-05,124743880,1606257235942
314,0,5777,2960079,32203857762,9.19169070325743e-05,124743880,1606257264482
315,0,5661,2960247,32203857762,9.192212379887731e-05,124743880,1606257288747
316,0,5982,2980619,32203857762,9.255471881747905e-05,124743880,1606257313104
317,0,5814,2995737,32203857762,9.302416568038995e-05,124743880,1606257337231
318,0,6676,3001160,32203857762,9.319256165456418e-05,124743880,1606257360817
319,0,5817,3001328,32203857762,9.319777842086719e-05,124743880,1606257385648
320,0,6858,3001496,32203857762,9.320299518717021e-05,124743880,1606257409387
321,0,5740,3036818,32203857762,9.429982030237983e-05,124743880,1606257434454
322,0,6349,3022036,32203857762,9.384080697207496e-05,124743880,1606257460755
323,0,6300,3042409,32203857762,9.447343304285707e-05,124743880,1606257486299
324,0,5588,3042577,32203857762,9.447864980916009e-05,124743880,1606257510849
325,0,5854,3077900,32203857762,9.557550597655009e-05,124743880,1606257535480
326,0,7069,3063118,32203857762,9.511649264624522e-05,124743880,1606257561030
327,0,5961,3063286,32203857762,9.512170941254824e-05,124743880,1606257587646
328,0,7253,3083658,32203857762,9.575430443114997e-05,124743880,1606257612410
329,0,6257,3098776,32203857762,9.622375129406088e-05,124743880,1606257638176
330,0,5224,3104199,32203857762,9.63921472682351e-05,124743880,1606257662883
331,0,6257,3104367,32203857762,9.639736403453812e-05,124743880,1606257686353
332,0,6183,3124739,32203857762,9.702995905313985e-05,124743880,1606257711250
333,0,6931,3139857,32203857762,9.749940591605075e-05,124743880,1606257736589
334,0,5283,3145280,32203857762,9.766780189022498e-05,124743880,1606257763134
335,0,7078,3145448,32203857762,9.7673018656528e-05,124743880,1606257788557
336,0,7285,3145616,32203857762,9.767823542283102e-05,124743880,1606257815049
337,0,6265,3180939,32203857762,9.877509159022102e-05,124743880,1606257842368
338,0,6008,3166157,32203857762,9.831607825991615e-05,124743880,1606257868136
339,0,6594,3186529,32203857762,9.894867327851787e-05,124743880,1606257893645
340,0,6804,3186697,32203857762,9.89538900448209e-05,124743880,1606257926343
341,0,7125,3222020,32203857762,0.0001000507462122109,124743880,1606257952612
342,0,7615,3207238,32203857762,9.959173288190603e-05,124743880,1606257979214
343,0,7028,3207406,32203857762,9.959694964820904e-05,124743880,1606258006753
344,0,7261,3227779,32203857762,0.00010022957571899115,124743880,1606258032501
345,0,5879,3242897,32203857762,0.00010069902258190207,124743880,1606258060064
346,0,7365,3248319,32203857762,0.00010086738750389591,124743880,1606258085556
347,0,6692,3248487,32203857762,0.00010087260427019892,124743880,1606258114329
348,0,5906,3268860,32203857762,0.00010150523034098103,124743880,1606258141118
349,0,6793,3283978,32203857762,0.00010197467720389195,124743880,1606258167833
350,0,8273,3289400,32203857762,0.00010214304212588579,124743880,1606258195490
351,0,6160,3289568,32203857762,0.0001021482588921888,124743880,1606258226698
352,0,7266,3289736,32203857762,0.00010215347565849182,124743880,1606258253145
353,0,9311,3325059,32203857762,0.00010325033182588182,124743880,1606258281108
354,0,7291,3310277,32203857762,0.00010279131849557696,124743880,1606258313263
355,0,6652,3330650,32203857762,0.00010342394456635906,124743880,1606258343909
356,0,7607,3330818,32203857762,0.00010342916133266208,124743880,1606258373525
357,0,6355,3366140,32203857762,0.0001045259864478717,124743880,1606258402789
358,0,7293,3351358,32203857762,0.00010406697311756684,124743880,1606258430507
359,0,5445,3351526,32203857762,0.00010407218988386985,124743880,1606258458350
360,0,6518,3371899,32203857762,0.00010470481595465195,124743880,1606258484265
361,0,6723,3387017,32203857762,0.00010517426281756287,124743880,1606258512324
362,0,7871,3392440,32203857762,0.00010534265879173709,124743880,1606258540569
363,0,7100,3392608,32203857762,0.00010534787555804011,124743880,1606258569876
364,0,7450,3412980,32203857762,0.00010598047057664185,124743880,1606258598144
365,0,6439,3428098,32203857762,0.00010644991743955275,124743880,1606258627017
366,0,6542,3433521,32203857762,0.00010661831341372697,124743880,1606258655496
367,0,7536,3433689,32203857762,0.00010662353018002999,124743880,1606258683575
368,0,7470,3433857,32203857762,0.000106628746946333,124743880,1606258714193
369,0,7257,3469180,32203857762,0.000107725603113723,124743880,1606258742708
370,0,7540,3454398,32203857762,0.00010726658978341813,124743880,1606258772657
371,0,8186,3474770,32203857762,0.00010789918480201987,124743880,1606258803629
372,0,8068,3474938,32203857762,0.0001079044015683229,124743880,1606258833714
373,0,6595,3510261,32203857762,0.00010900125773571288,124743880,1606258865704
374,0,8761,3495479,32203857762,0.00010854224440540801,124743880,1606258894903
375,0,7314,3495647,32203857762,0.00010854746117171104,124743880,1606258927423
376,0,7176,3516020,32203857762,0.00010918008724249315,124743880,1606258956693
377,0,9389,3531138,32203857762,0.00010964953410540405,124743880,1606258986675
378,0,7041,3536560,32203857762,0.00010981789902739789,124743880,1606259018035
379,0,8567,3536728,32203857762,0.00010982311579370092,124743880,1606259047618
380,0,8309,3557101,32203857762,0.00011045574186448302,124743880,1606259078429
381,0,7594,3572219,32203857762,0.00011092518872739393,124743880,1606259109180
382,0,7580,3577642,32203857762,0.00011109358470156816,124743880,1606259138369
383,0,6927,3577810,32203857762,0.00011109880146787117,124743880,1606259168117
384,0,6715,3577978,32203857762,0.00011110401823417419,124743880,1606259197130
385,0,5462,3613300,32203857762,0.00011220084334938381,124743880,1606259227474
386,0,8419,3598518,32203857762,0.00011174183001907894,124743880,1606259256387
387,0,7305,3618891,32203857762,0.00011237445608986105,124743880,1606259286175
388,0,7159,3619059,32203857762,0.00011237967285616407,124743880,1606259316568
389,0,7055,3654382,32203857762,0.00011347652902355407,124743880,1606259346088
390,0,8575,3639600,32203857762,0.0001130175156932492,124743880,1606259375164
391,0,8166,3639768,32203857762,0.00011302273245955222,124743880,1606259405544
392,0,8264,3660140,32203857762,0.00011365532747815395,124743880,1606259436083
393,0,7430,3675258,32203857762,0.00011412477434106485,124743880,1606259467825
394,0,8154,3680681,32203857762,0.00011429317031523908,124743880,1606259499135
395,0,7112,3680849,32203857762,0.0001142983870815421,124743880,1606259530840
396,0,8397,3701222,32203857762,0.0001149310131523242,124743880,1606259561326
397,0,6367,3716340,32203857762,0.00011540046001523512,124743880,1606259592755
398,0,8712,3721763,32203857762,0.00011556885598940933,124743880,1606259623077
399,0,8756,3721919,32203857762,0.00011557370012954786,124743880,1606259655519
400,0,7718,3722099,32203857762,0.00011557928952201537,124743880,1606259687173
401,0,7361,3757421,32203857762,0.000116676114637225,124743880,1606259718253
402,0,7947,3742639,32203857762,0.00011621710130692013,124743880,1606259749897
403,0,6013,3763012,32203857762,0.00011684972737770224,124743880,1606259780998
404,0,7938,3763168,32203857762,0.00011685457151784075,124743880,1606259810527
405,0,7541,3798503,32203857762,0.00011795180031139525,124743880,1606259843332
406,0,7764,3783721,32203857762,0.00011749278698109038,124743880,1606259874407
407,0,7889,3783889,32203857762,0.00011749800374739339,124743880,1606259906342
408,0,7440,3804262,32203857762,0.00011813062981817551,124743880,1606259937829
409,0,7816,3819380,32203857762,0.00011860007668108642,124743880,1606259969289
410,0,7154,3824802,32203857762,0.00011876844160308026,124743880,1606260001226
411,0,9586,3824970,32203857762,0.00011877365836938329,124743880,1606260031639
412,0,9159,3845343,32203857762,0.00011940628444016539,124743880,1606260066372
413,0,6232,3860461,32203857762,0.0001198757313030763,124743880,1606260100911
414,0,8318,3865884,32203857762,0.00012004412727725051,124743880,1606260132779
415,0,9773,3866052,32203857762,0.00012004934404355354,124743880,1606260165990
416,0,7343,3866220,32203857762,0.00012005456080985656,124743880,1606260200180
417,0,9048,3901543,32203857762,0.00012115141697724655,124743880,1606260232148
418,0,7989,3886761,32203857762,0.00012069240364694168,124743880,1606260265617
419,0,9936,3907133,32203857762,0.00012132499866554342,124743880,1606260298396
420,0,7807,3907301,32203857762,0.00012133021543184644,124743880,1606260332385
421,0,7705,3942624,32203857762,0.00012242707159923643,124743880,1606260364537
422,0,6834,3927842,32203857762,0.00012196805826893156,124743880,1606260397738
423,0,8671,3928010,32203857762,0.00012197327503523458,124743880,1606260430311
424,0,7359,3948383,32203857762,0.0001226059011060167,124743880,1606260464816
425,0,9470,3963501,32203857762,0.0001230753479689276,124743880,1606260497438
426,0,7747,3968924,32203857762,0.00012324374394310182,124743880,1606260533334
427,0,9665,3969092,32203857762,0.00012324896070940483,124743880,1606260566901
428,0,9234,3989464,32203857762,0.00012388155572800658,124743880,1606260601643
429,0,7574,4004582,32203857762,0.00012435100259091747,124743880,1606260639272
430,0,9539,4010005,32203857762,0.0001245193985650917,124743880,1606260672599
431,0,9031,4010173,32203857762,0.0001245246153313947,124743880,1606260709045
1,0,212,160141,32203857762,4.972727217450439e-06,124743880,1606316090921
2,0,310,134559,32203857762,4.178350339094384e-06,124743880,1606316092639
3,0,313,160033,32203857762,4.969373581969928e-06,124743880,1606316094386
4,0,331,160201,32203857762,4.974590348272946e-06,124743880,1606316096214
5,0,441,195523,32203857762,6.071415463482571e-06,124743880,1606316098035
6,0,382,180741,32203857762,5.612402133177699e-06,124743880,1606316100140
7,0,370,180909,32203857762,5.617618899480718e-06,124743880,1606316102263
8,0,412,201281,32203857762,6.250213918082452e-06,124743880,1606316104332
9,0,338,216399,32203857762,6.71966078099336e-06,124743880,1606316106510
10,0,375,221821,32203857762,6.888025702987204e-06,124743880,1606316108629
11,0,374,221989,32203857762,6.893242469290223e-06,124743880,1606316110763
12,0,516,242361,32203857762,7.525837487891957e-06,124743880,1606316112944
13,0,501,257479,32203857762,7.995284350802865e-06,124743880,1606316115477
14,0,472,262901,32203857762,8.16364927279671e-06,124743880,1606316118056
15,0,486,263069,32203857762,8.16886603909973e-06,124743880,1606316120826
16,0,572,263237,32203857762,8.174082805402748e-06,124743880,1606316123725
17,0,668,298559,32203857762,9.270907920612372e-06,124743880,1606316126815
18,0,636,283777,32203857762,8.8118945903075e-06,124743880,1606316129945
19,0,525,304161,32203857762,9.444862235073736e-06,124743880,1606316132854
20,0,555,304329,32203857762,9.450079001376754e-06,124743880,1606316135627
21,0,602,339651,32203857762,1.0546904116586379e-05,124743880,1606316138527
22,0,643,324869,32203857762,1.0087890786281508e-05,124743880,1606316141555
23,0,463,325037,32203857762,1.0093107552584526e-05,124743880,1606316144570
24,0,545,345409,32203857762,1.072570257118626e-05,124743880,1606316147393
25,0,522,360527,32203857762,1.1195149434097168e-05,124743880,1606316150611
26,0,578,365949,32203857762,1.1363514356091013e-05,124743880,1606316153867
27,0,602,366117,32203857762,1.1368731122394031e-05,124743880,1606316157027
28,0,757,386489,32203857762,1.2001326140995765e-05,124743880,1606316160337
29,0,671,401607,32203857762,1.2470773003906674e-05,124743880,1606316163909
30,0,731,407030,32203857762,1.2639168978080894e-05,124743880,1606316167479
31,0,757,407198,32203857762,1.2644385744383912e-05,124743880,1606316170940
32,0,664,407366,32203857762,1.264960251068693e-05,124743880,1606316174493
33,0,628,442688,32203857762,1.3746427625896555e-05,124743880,1606316177920
34,0,807,427906,32203857762,1.3287414295591684e-05,124743880,1606316181475
35,0,997,448278,32203857762,1.3920009314193418e-05,124743880,1606316185201
36,0,716,448446,32203857762,1.3925226080496436e-05,124743880,1606316189144
37,0,827,483768,32203857762,1.502205119570606e-05,124743880,1606316192826
38,0,873,468986,32203857762,1.456303786540119e-05,124743880,1606316196579
39,0,838,469154,32203857762,1.4568254631704207e-05,124743880,1606316200618
40,0,666,489526,32203857762,1.5200849650305943e-05,124743880,1606316204529
41,0,809,504644,32203857762,1.567029651321685e-05,124743880,1606316208234
42,0,963,510066,32203857762,1.5838661435210697e-05,124743880,1606316212201
43,0,815,510234,32203857762,1.5843878201513715e-05,124743880,1606316216413
44,0,846,530606,32203857762,1.6476473220115447e-05,124743880,1606316220683
45,0,910,545724,32203857762,1.6945920083026357e-05,124743880,1606316224749
46,0,935,551146,32203857762,1.71142850050202e-05,124743880,1606316229115
47,0,1249,551314,32203857762,1.711950177132322e-05,124743880,1606316233636
48,0,985,551482,32203857762,1.7124718537626236e-05,124743880,1606316238370
49,0,892,586804,32203857762,1.822154365283586e-05,124743880,1606316243096
50,0,1159,572022,32203857762,1.776253032253099e-05,124743880,1606316247661
51,0,970,592395,32203857762,1.83951563933131e-05,124743880,1606316252450
52,0,997,592563,32203857762,1.840037315961612e-05,124743880,1606316257208
53,0,995,627885,32203857762,1.9497198274825743e-05,124743880,1606316262195
54,0,1109,613103,32203857762,1.9038184944520872e-05,124743880,1606316266998
55,0,1113,613259,32203857762,1.9043029084659388e-05,124743880,1606316272128
56,0,1264,633643,32203857762,1.9675996729425623e-05,124743880,1606316277441
57,0,1086,648761,32203857762,2.0145443592336533e-05,124743880,1606316282368
58,0,1045,654183,32203857762,2.0313808514330376e-05,124743880,1606316287213
59,0,1208,654351,32203857762,2.0319025280633394e-05,124743880,1606316292231
60,0,1187,674723,32203857762,2.095162029923513e-05,124743880,1606316297356
61,0,1389,689841,32203857762,2.1421067162146037e-05,124743880,1606316302576
62,0,1283,695263,32203857762,2.1589432084139884e-05,124743880,1606316308244
63,0,1165,695431,32203857762,2.15946488504429e-05,124743880,1606316313598
64,0,1262,695599,32203857762,2.159986561674592e-05,124743880,1606316319083
65,0,1163,730921,32203857762,2.2696690731955544e-05,124743880,1606316324674
66,0,1314,716139,32203857762,2.2237677401650673e-05,124743880,1606316330224
67,0,1102,736511,32203857762,2.2870272420252405e-05,124743880,1606316335787
68,0,1183,736679,32203857762,2.2875489186555427e-05,124743880,1606316341392
69,0,1537,772002,32203857762,2.3972345353945423e-05,124743880,1606316346842
70,0,1191,757220,32203857762,2.3513332023640552e-05,124743880,1606316352893
71,0,1219,757388,32203857762,2.351854878994357e-05,124743880,1606316358440
72,0,1263,777760,32203857762,2.4151143808545306e-05,124743880,1606316364103
73,0,1307,792878,32203857762,2.4620590671456213e-05,124743880,1606316369937
74,0,1417,798300,32203857762,2.478895559345006e-05,124743880,1606316376016
75,0,2140,798468,32203857762,2.4794172359753077e-05,124743880,1606316382128
76,0,1439,818840,32203857762,2.5426767378354813e-05,124743880,1606316389238
77,0,1459,833958,32203857762,2.589621424126572e-05,124743880,1606316395648
78,0,1487,839380,32203857762,2.6064579163259563e-05,124743880,1606316402590
79,0,1483,839548,32203857762,2.6069795929562585e-05,124743880,1606316408901
80,0,1204,839716,32203857762,2.6075012695865603e-05,124743880,1606316415307
81,0,1740,875038,32203857762,2.7171837811075227e-05,124743880,1606316421508
82,0,1794,860256,32203857762,2.6712824480770353e-05,124743880,1606316428424
83,0,1727,880629,32203857762,2.7345450551552464e-05,124743880,1606316435204
84,0,1400,880797,32203857762,2.7350667317855482e-05,124743880,1606316442099
85,0,1585,916119,32203857762,2.8447492433065106e-05,124743880,1606316448874
86,0,1638,901337,32203857762,2.7988479102760235e-05,124743880,1606316456031
87,0,1728,901505,32203857762,2.7993695869063253e-05,124743880,1606316463301
88,0,1811,921877,32203857762,2.862629088766499e-05,124743880,1606316470816
89,0,1676,936995,32203857762,2.9095737750575896e-05,124743880,1606316478202
90,0,1508,942417,32203857762,2.9264102672569743e-05,124743880,1606316485567
91,0,1749,942585,32203857762,2.926931943887276e-05,124743880,1606316492969
92,0,1687,962957,32203857762,2.9901914457474493e-05,124743880,1606316500679
93,0,1734,978075,32203857762,3.0371361320385403e-05,124743880,1606316507998
94,0,1687,983498,32203857762,3.053975729455962e-05,124743880,1606316515892
95,0,1744,983666,32203857762,3.054497406086264e-05,124743880,1606316523820
96,0,1649,983834,32203857762,3.055019082716566e-05,124743880,1606316531520
97,0,1982,1019156,32203857762,3.1647015942375286e-05,124743880,1606316539184
98,0,1992,1004374,32203857762,3.118800261207041e-05,124743880,1606316547399
99,0,1741,1024746,32203857762,3.182059763067215e-05,124743880,1606316555459
100,0,1842,1024914,32203857762,3.1825814396975165e-05,124743880,1606316563515
101,0,2043,1060236,32203857762,3.2922639512184786e-05,124743880,1606316572125
102,0,1969,1045454,32203857762,3.246362618187992e-05,124743880,1606316580385
103,0,1696,1045622,32203857762,3.2468842948182937e-05,124743880,1606316588575
104,0,2432,1065994,32203857762,3.310143796678467e-05,124743880,1606316597025
105,0,2137,1081112,32203857762,3.3570884829695576e-05,124743880,1606316606389
106,0,1942,1086535,32203857762,3.37392808038698e-05,124743880,1606316614994
107,0,2213,1086703,32203857762,3.3744497570172816e-05,124743880,1606316623372
108,0,1761,1107075,32203857762,3.437709258877455e-05,124743880,1606316632455
109,0,2229,1122193,32203857762,3.484653945168546e-05,124743880,1606316640973
110,0,1980,1127615,32203857762,3.5014904373679305e-05,124743880,1606316649876
111,0,2183,1127783,32203857762,3.502012113998232e-05,124743880,1606316658238
112,0,1987,1127951,32203857762,3.502533790628534e-05,124743880,1606316666910
113,0,1979,1163273,32203857762,3.612216302149496e-05,124743880,1606316675684
114,0,2044,1148491,32203857762,3.5663149691190094e-05,124743880,1606316684457
115,0,2049,1168864,32203857762,3.62957757619722e-05,124743880,1606316693309
116,0,1878,1169032,32203857762,3.630099252827522e-05,124743880,1606316702478
117,0,1811,1204354,32203857762,3.739781764348485e-05,124743880,1606316711466
118,0,2296,1189572,32203857762,3.6938804313179973e-05,124743880,1606316719991
119,0,1938,1189740,32203857762,3.694402107948299e-05,124743880,1606316729257
120,0,2316,1210112,32203857762,3.757661609808473e-05,124743880,1606316738357
121,0,1990,1225230,32203857762,3.804606296099564e-05,124743880,1606316748273
122,0,1981,1230652,32203857762,3.821442788298948e-05,124743880,1606316757329
123,0,2234,1230820,32203857762,3.82196446492925e-05,124743880,1606316766012
124,0,2385,1251193,32203857762,3.8852270720074606e-05,124743880,1606316774964
125,0,2093,1266311,32203857762,3.9321717582985516e-05,124743880,1606316784263
126,0,2528,1271733,32203857762,3.949008250497936e-05,124743880,1606316793449
127,0,2503,1271901,32203857762,3.949529927128238e-05,124743880,1606316803030
128,0,2357,1272069,32203857762,3.9500516037585396e-05,124743880,1606316812912
129,0,2299,1307391,32203857762,4.0597341152795024e-05,124743880,1606316822312
130,0,1933,1292609,32203857762,4.013832782249015e-05,124743880,1606316831390
131,0,2001,1312981,32203857762,4.0770922841091885e-05,124743880,1606316840387
132,0,2841,1313149,32203857762,4.07761396073949e-05,124743880,1606316849877
133,0,2471,1348472,32203857762,4.18729957747849e-05,124743880,1606316860059
134,0,2053,1333690,32203857762,4.141398244448003e-05,124743880,1606316869949
135,0,2272,1333858,32203857762,4.141919921078305e-05,124743880,1606316879333
136,0,2189,1354230,32203857762,4.205179422938478e-05,124743880,1606316888848
137,0,3003,1369348,32203857762,4.252124109229569e-05,124743880,1606316898264
138,0,2191,1374770,32203857762,4.2689606014289536e-05,124743880,1606316908610
139,0,2186,1374938,32203857762,4.2694822780592554e-05,124743880,1606316918458
140,0,2544,1395310,32203857762,4.332741779919429e-05,124743880,1606316928026
141,0,2206,1410428,32203857762,4.37968646621052e-05,124743880,1606316938326
142,0,2129,1415851,32203857762,4.396526063627942e-05,124743880,1606316948154
143,0,2554,1416019,32203857762,4.397047740258244e-05,124743880,1606316958011
144,0,2388,1416187,32203857762,4.397569416888546e-05,124743880,1606316968188
145,0,2366,1451509,32203857762,4.507251928409508e-05,124743880,1606316978639
146,0,2123,1436727,32203857762,4.461350595379021e-05,124743880,1606316988954
147,0,2487,1457099,32203857762,4.524610097239194e-05,124743880,1606316998867
148,0,2516,1457267,32203857762,4.525131773869496e-05,124743880,1606317010050
149,0,2894,1492589,32203857762,4.6348142853904586e-05,124743880,1606317020362
150,0,2183,1477807,32203857762,4.588912952359971e-05,124743880,1606317031140
151,0,2937,1477975,32203857762,4.589434628990273e-05,124743880,1606317041347
152,0,2612,1498348,32203857762,4.6526972360684844e-05,124743880,1606317052597
153,0,2576,1513466,32203857762,4.699641922359575e-05,124743880,1606317063129
154,0,2744,1518888,32203857762,4.71647841455896e-05,124743880,1606317073815
155,0,2586,1519056,32203857762,4.7170000911892615e-05,124743880,1606317084589
156,0,2802,1539428,32203857762,4.7802595930494344e-05,124743880,1606317095182
157,0,2342,1554546,32203857762,4.8272042793405255e-05,124743880,1606317106316
158,0,2979,1559969,32203857762,4.8440438767579477e-05,124743880,1606317117000
159,0,2857,1560137,32203857762,4.8445655533882495e-05,124743880,1606317128279
160,0,2532,1560305,32203857762,4.845087230018551e-05,124743880,1606317139824
161,0,2994,1595627,32203857762,4.9547697415395134e-05,124743880,1606317150945
162,0,2876,1580845,32203857762,4.9088684085090266e-05,124743880,1606317162566
163,0,2928,1601217,32203857762,4.9721279103692e-05,124743880,1606317174086
164,0,2923,1601385,32203857762,4.972649586999502e-05,124743880,1606317185585
165,0,2460,1636708,32203857762,5.082335203738502e-05,124743880,1606317197460
166,0,3474,1621926,32203857762,5.0364338707080145e-05,124743880,1606317208946
167,0,2857,1622094,32203857762,5.036955547338316e-05,124743880,1606317221217
168,0,2940,1642466,32203857762,5.10021504919849e-05,124743880,1606317233167
169,0,2531,1657572,32203857762,5.1471224728731306e-05,124743880,1606317245049
170,0,2620,1663006,32203857762,5.163996227688965e-05,124743880,1606317256445
171,0,2968,1663174,32203857762,5.164517904319267e-05,124743880,1606317268317
172,0,2691,1683547,32203857762,5.227780511397478e-05,124743880,1606317280616
173,0,3645,1698665,32203857762,5.274725197688569e-05,124743880,1606317292820
174,0,3260,1704087,32203857762,5.291561689887953e-05,124743880,1606317305965
175,0,2949,1704255,32203857762,5.292083366518255e-05,124743880,1606317318893
176,0,3428,1704423,32203857762,5.292605043148557e-05,124743880,1606317331916
177,0,2632,1739745,32203857762,5.4022875546695195e-05,124743880,1606317345552
178,0,3558,1724963,32203857762,5.356386221639032e-05,124743880,1606317358439
179,0,3131,1745336,32203857762,5.419648828717243e-05,124743880,1606317373243
180,0,3325,1745504,32203857762,5.420170505347545e-05,124743880,1606317386001
181,0,3128,1780826,32203857762,5.5298530168685075e-05,124743880,1606317399436
182,0,2918,1766044,32203857762,5.48395168383802e-05,124743880,1606317412736
183,0,3348,1766200,32203857762,5.484436097851872e-05,124743880,1606317425821
184,0,3396,1786584,32203857762,5.5477328623284954e-05,124743880,1606317439422
185,0,3200,1801702,32203857762,5.5946775486195864e-05,124743880,1606317453132
186,0,3459,1807125,32203857762,5.6115171460370086e-05,124743880,1606317466886
187,0,3820,1807293,32203857762,5.6120388226673104e-05,124743880,1606317481071
188,0,3327,1827665,32203857762,5.675298324527484e-05,124743880,1606317495391
189,0,3126,1842783,32203857762,5.722243010818574e-05,124743880,1606317509967
190,0,3663,1848205,32203857762,5.7390795030179587e-05,124743880,1606317523975
191,0,2967,1848373,32203857762,5.739601179648261e-05,124743880,1606317538778
192,0,3691,1848541,32203857762,5.740122856278563e-05,124743880,1606317552749
193,0,3683,1883864,32203857762,5.849808473017563e-05,124743880,1606317567872
194,0,4593,1869082,32203857762,5.8039071399870755e-05,124743880,1606317582431
195,0,4384,1889454,32203857762,5.867166641847249e-05,124743880,1606317598629
196,0,4069,1889622,32203857762,5.867688318477551e-05,124743880,1606317613548
197,0,3561,1924945,32203857762,5.977373935216551e-05,124743880,1606317628288
198,0,3375,1910163,32203857762,5.9314726021860634e-05,124743880,1606317642353
199,0,4110,1910331,32203857762,5.931994278816365e-05,124743880,1606317655990
200,0,2881,1930703,32203857762,5.995253780676539e-05,124743880,1606317670422
201,0,3780,1945821,32203857762,6.04219846696763e-05,124743880,1606317683747
202,0,4700,1951243,32203857762,6.059034959167014e-05,124743880,1606317698356
203,0,3885,1951411,32203857762,6.059556635797316e-05,124743880,1606317712567
204,0,3580,1971784,32203857762,6.122819242875527e-05,124743880,1606317727310
205,0,4601,1986902,32203857762,6.169763929166618e-05,124743880,1606317741893
206,0,4289,1992324,32203857762,6.186600421366003e-05,124743880,1606317757439
207,0,4399,1992468,32203857762,6.187047572763403e-05,124743880,1606317772703
208,0,3772,1992636,32203857762,6.187569249393706e-05,124743880,1606317788162
209,0,3879,2027958,32203857762,6.297251760914669e-05,124743880,1606317803162
210,0,3740,2013176,32203857762,6.25135042788418e-05,124743880,1606317818194
211,0,3771,2033561,32203857762,6.314650297578841e-05,124743880,1606317833347
212,0,3255,2033729,32203857762,6.315171974209144e-05,124743880,1606317848800
213,0,3305,2069051,32203857762,6.424854485730107e-05,124743880,1606317863678
214,0,3626,2054269,32203857762,6.378953152699619e-05,124743880,1606317878207
215,0,3090,2054437,32203857762,6.379474829329921e-05,124743880,1606317893214
216,0,2903,2074810,32203857762,6.442737436408132e-05,124743880,1606317907802
217,0,4057,2089928,32203857762,6.489682122699222e-05,124743880,1606317922385
218,0,3959,2095350,32203857762,6.506518614898607e-05,124743880,1606317937524
219,0,3824,2095518,32203857762,6.507040291528909e-05,124743880,1606317953050
220,0,4755,2115890,32203857762,6.570299793389083e-05,124743880,1606317967901
221,0,3229,2131008,32203857762,6.617244479680173e-05,124743880,1606317984222
222,0,3211,2136431,32203857762,6.634084077097596e-05,124743880,1606317998764
223,0,3907,2136599,32203857762,6.634605753727897e-05,124743880,1606318013669
224,0,3374,2136767,32203857762,6.6351274303582e-05,124743880,1606318029138
225,0,3737,2172089,32203857762,6.744809941879161e-05,124743880,1606318044226
226,0,3785,2157307,32203857762,6.698908608848674e-05,124743880,1606318059856
227,0,3941,2177680,32203857762,6.762171215926885e-05,124743880,1606318075690
228,0,3371,2177848,32203857762,6.762692892557187e-05,124743880,1606318091744
229,0,4791,2213170,32203857762,6.87237540407815e-05,124743880,1606318107213
230,0,3553,2198388,32203857762,6.826474071047662e-05,124743880,1606318124439
231,0,4382,2198556,32203857762,6.826995747677964e-05,124743880,1606318140391
232,0,4705,2218929,32203857762,6.890258354756175e-05,124743880,1606318158440
233,0,3534,2234047,32203857762,6.937203041047266e-05,124743880,1606318177326
234,0,3294,2239469,32203857762,6.95403953324665e-05,124743880,1606318193741
235,0,4368,2239637,32203857762,6.954561209876952e-05,124743880,1606318212992
236,0,3946,2260009,32203857762,7.017820711737126e-05,124743880,1606318230693
237,0,4585,2275127,32203857762,7.064765398028216e-05,124743880,1606318248562
238,0,3488,2280550,32203857762,7.081604995445639e-05,124743880,1606318267302
239,0,4865,2280718,32203857762,7.08212667207594e-05,124743880,1606318284940
240,0,4189,2280886,32203857762,7.082648348706243e-05,124743880,1606318303290
241,0,4616,2316208,32203857762,7.192330860227204e-05,124743880,1606318321501
242,0,4045,2301426,32203857762,7.146429527196717e-05,124743880,1606318340543
243,0,4057,2321799,32203857762,7.209692134274928e-05,124743880,1606318359242
244,0,5454,2321967,32203857762,7.21021381090523e-05,124743880,1606318377851
245,0,3736,2357289,32203857762,7.319896322426192e-05,124743880,1606318396217
246,0,4962,2342507,32203857762,7.273994989395705e-05,124743880,1606318412983
247,0,3965,2342675,32203857762,7.274516666026008e-05,124743880,1606318431845
248,0,4197,2363048,32203857762,7.337779273104219e-05,124743880,1606318449941
249,0,4592,2378166,32203857762,7.384723959395309e-05,124743880,1606318468487
250,0,5045,2383588,32203857762,7.401560451594693e-05,124743880,1606318487175
251,0,3633,2383756,32203857762,7.402082128224996e-05,124743880,1606318506403
252,0,4279,2404129,32203857762,7.465344735303206e-05,124743880,1606318522145
253,0,3820,2419247,32203857762,7.512289421594297e-05,124743880,1606318539196
254,0,3600,2424669,32203857762,7.529125913793681e-05,124743880,1606318557545
255,0,5142,2424837,32203857762,7.529647590423984e-05,124743880,1606318574095
256,0,4795,2425005,32203857762,7.530169267054285e-05,124743880,1606318592085
257,0,4618,2460328,32203857762,7.639854883793285e-05,124743880,1606318610127
258,0,4539,2445546,32203857762,7.593953550762798e-05,124743880,1606318628639
259,0,3968,2465918,32203857762,7.657213052622972e-05,124743880,1606318646973
260,0,4615,2466086,32203857762,7.657734729253274e-05,124743880,1606318664275
261,0,4615,2501409,32203857762,7.767420345992274e-05,124743880,1606318681780
262,0,4660,2486627,32203857762,7.721519012961786e-05,124743880,1606318702513
263,0,3969,2486795,32203857762,7.722040689592088e-05,124743880,1606318720752
264,0,3408,2507167,32203857762,7.785300191452262e-05,124743880,1606318738782
265,0,4304,2522285,32203857762,7.832244877743352e-05,124743880,1606318756096
266,0,4417,2527708,32203857762,7.849084475160774e-05,124743880,1606318773227
267,0,4955,2527876,32203857762,7.849606151791076e-05,124743880,1606318791258
268,0,4368,2548248,32203857762,7.91286565365125e-05,124743880,1606318810114
269,0,4527,2563366,32203857762,7.95981033994234e-05,124743880,1606318828232
270,0,5240,2568789,32203857762,7.976649937359763e-05,124743880,1606318846630
271,0,3754,2568957,32203857762,7.977171613990064e-05,124743880,1606318865645
272,0,4722,2569125,32203857762,7.977693290620367e-05,124743880,1606318882995
273,0,4419,2604447,32203857762,8.087375802141328e-05,124743880,1606318901612
274,0,5615,2589665,32203857762,8.041474469110841e-05,124743880,1606318919668
275,0,3888,2610038,32203857762,8.104737076189052e-05,124743880,1606318939037
276,0,4689,2610206,32203857762,8.105258752819355e-05,124743880,1606318956803
277,0,3793,2645528,32203857762,8.214941264340316e-05,124743880,1606318975538
278,0,4955,2630746,32203857762,8.169039931309829e-05,124743880,1606318992812
279,0,3977,2630914,32203857762,8.169561607940132e-05,124743880,1606319011708
280,0,5547,2651287,32203857762,8.232824215018342e-05,124743880,1606319029332
281,0,4518,2666405,32203857762,8.279768901309433e-05,124743880,1606319048114
282,0,4337,2671827,32203857762,8.296605393508817e-05,124743880,1606319066904
283,0,5262,2671995,32203857762,8.29712707013912e-05,124743880,1606319085744
284,0,4998,2692368,32203857762,8.36038967721733e-05,124743880,1606319105065
285,0,5240,2707486,32203857762,8.407334363508421e-05,124743880,1606319124843
286,0,5525,2712908,32203857762,8.424170855707805e-05,124743880,1606319143938
287,0,4183,2713076,32203857762,8.424692532338108e-05,124743880,1606319164022
288,0,5320,2713244,32203857762,8.42521420896841e-05,124743880,1606319184752
289,0,4213,2748567,32203857762,8.534899825707409e-05,124743880,1606319203758
290,0,5169,2733785,32203857762,8.488998492676922e-05,124743880,1606319223129
291,0,4868,2754157,32203857762,8.552257994537095e-05,124743880,1606319243056
292,0,6276,2754325,32203857762,8.552779671167398e-05,124743880,1606319262901
293,0,7099,2789648,32203857762,8.662465287906398e-05,124743880,1606319284225
294,0,5005,2774866,32203857762,8.61656395487591e-05,124743880,1606319307304
295,0,4731,2775034,32203857762,8.617085631506212e-05,124743880,1606319326796
296,0,4121,2795406,32203857762,8.680345133366386e-05,124743880,1606319345977
297,0,4140,2810524,32203857762,8.727289819657476e-05,124743880,1606319364830
298,0,4640,2815947,32203857762,8.744129417074898e-05,124743880,1606319383885
299,0,5411,2816115,32203857762,8.7446510937052e-05,124743880,1606319403204
300,0,4349,2836487,32203857762,8.807910595565374e-05,124743880,1606319423786
301,0,4835,2851605,32203857762,8.854855281856464e-05,124743880,1606319443465
302,0,4668,2857028,32203857762,8.871694879273887e-05,124743880,1606319463263
303,0,4321,2857196,32203857762,8.872216555904188e-05,124743880,1606319482979
304,0,4761,2857364,32203857762,8.87273823253449e-05,124743880,1606319502891
305,0,5529,2892686,32203857762,8.982420744055452e-05,124743880,1606319522273
306,0,5298,2877904,32203857762,8.936519411024965e-05,124743880,1606319543121
307,0,6517,2898277,32203857762,8.999782018103176e-05,124743880,1606319564090
308,0,5096,2898445,32203857762,9.000303694733478e-05,124743880,1606319586832
309,0,5401,2933768,32203857762,9.109989311472478e-05,124743880,1606319608028
310,0,5400,2918986,32203857762,9.06408797844199e-05,124743880,1606319629084
311,0,5428,2919142,32203857762,9.064572392455843e-05,124743880,1606319650584
312,0,4841,2939526,32203857762,9.127869156932466e-05,124743880,1606319671678
313,0,6939,2954644,32203857762,9.174813843223557e-05,124743880,1606319692046
314,0,5245,2960067,32203857762,9.19165344064098e-05,124743880,1606319714873
315,0,5156,2960235,32203857762,9.192175117271281e-05,124743880,1606319736052
316,0,5464,2980607,32203857762,9.255434619131454e-05,124743880,1606319756737
317,0,5130,2995725,32203857762,9.302379305422545e-05,124743880,1606319778917
318,0,6768,3001148,32203857762,9.319218902839967e-05,124743880,1606319799940
319,0,5413,3001316,32203857762,9.319740579470269e-05,124743880,1606319822508
320,0,6569,3001484,32203857762,9.320262256100571e-05,124743880,1606319844247
321,0,4665,3036806,32203857762,9.429944767621534e-05,124743880,1606319866593
322,0,6319,3022024,32203857762,9.384043434591046e-05,124743880,1606319887437
323,0,5754,3042397,32203857762,9.447306041669257e-05,124743880,1606319910892
324,0,5267,3042565,32203857762,9.447827718299559e-05,124743880,1606319932656
325,0,4832,3077888,32203857762,9.557513335038559e-05,124743880,1606319953808
326,0,6071,3063106,32203857762,9.511612002008072e-05,124743880,1606319974603
327,0,6032,3063274,32203857762,9.512133678638373e-05,124743880,1606319996476
328,0,7003,3083646,32203857762,9.575393180498547e-05,124743880,1606320019368
329,0,5520,3098764,32203857762,9.622337866789637e-05,124743880,1606320043681
330,0,5259,3104187,32203857762,9.63917746420706e-05,124743880,1606320065841
331,0,5738,3104355,32203857762,9.639699140837361e-05,124743880,1606320088550
332,0,5779,3124727,32203857762,9.702958642697535e-05,124743880,1606320111165
333,0,6476,3139845,32203857762,9.749903328988627e-05,124743880,1606320134690
334,0,4471,3145268,32203857762,9.766742926406048e-05,124743880,1606320159300
335,0,6686,3145436,32203857762,9.767264603036349e-05,124743880,1606320181253
336,0,6198,3145604,32203857762,9.767786279666652e-05,124743880,1606320205397
337,0,5963,3180927,32203857762,9.877471896405652e-05,124743880,1606320229569
338,0,6192,3166145,32203857762,9.831570563375165e-05,124743880,1606320252997
339,0,5125,3186517,32203857762,9.894830065235338e-05,124743880,1606320277045
340,0,6763,3186685,32203857762,9.89535174186564e-05,124743880,1606320300818
341,0,6837,3222008,32203857762,0.0001000503735860464,124743880,1606320324888
342,0,6914,3207226,32203857762,9.959136025574153e-05,124743880,1606320348793
343,0,6321,3207394,32203857762,9.959657702204454e-05,124743880,1606320372786
344,0,6839,3227767,32203857762,0.00010022920309282665,124743880,1606320396219
345,0,4615,3242885,32203857762,0.00010069864995573756,124743880,1606320420208
346,0,6907,3248307,32203857762,0.0001008670148777314,124743880,1606320442328
347,0,5955,3248475,32203857762,0.00010087223164403442,124743880,1606320465760
348,0,5496,3268848,32203857762,0.00010150485771481654,124743880,1606320488997
349,0,6471,3283966,32203857762,0.00010197430457772744,124743880,1606320512212
350,0,7073,3289388,32203857762,0.00010214266949972129,124743880,1606320535744
351,0,4815,3289556,32203857762,0.00010214788626602431,124743880,1606320560268
352,0,5503,3289724,32203857762,0.00010215310303232732,124743880,1606320582164
353,0,6633,3325047,32203857762,0.00010324995919971732,124743880,1606320604784
354,0,5600,3310265,32203857762,0.00010279094586941245,124743880,1606320628373
355,0,5893,3330638,32203857762,0.00010342357194019456,124743880,1606320650635
356,0,5987,3330806,32203857762,0.00010342878870649757,124743880,1606320674318
357,0,6164,3366128,32203857762,0.0001045256138217072,124743880,1606320697509
358,0,6267,3351346,32203857762,0.00010406660049140233,124743880,1606320720993
359,0,5083,3351514,32203857762,0.00010407181725770534,124743880,1606320745148
360,0,6348,3371887,32203857762,0.00010470444332848747,124743880,1606320768057
361,0,5188,3387005,32203857762,0.00010517389019139837,124743880,1606320791856
362,0,7431,3392428,32203857762,0.00010534228616557258,124743880,1606320814945
363,0,6741,3392596,32203857762,0.00010534750293187561,124743880,1606320840161
364,0,6963,3412968,32203857762,0.00010598009795047734,124743880,1606320864819
365,0,6741,3428086,32203857762,0.00010644954481338825,124743880,1606320889729
366,0,6234,3433509,32203857762,0.00010661794078756246,124743880,1606320914220
367,0,7727,3433677,32203857762,0.00010662315755386549,124743880,1606320938392
368,0,6223,3433845,32203857762,0.0001066283743201685,124743880,1606320965415
369,0,6329,3469168,32203857762,0.0001077252304875585,124743880,1606320990302
370,0,7318,3454386,32203857762,0.00010726621715725363,124743880,1606321014033
371,0,7307,3474758,32203857762,0.00010789881217585537,124743880,1606321039672
372,0,7356,3474926,32203857762,0.00010790402894215839,124743880,1606321065761
373,0,5462,3510249,32203857762,0.00010900088510954839,124743880,1606321091315
374,0,6505,3495467,32203857762,0.00010854187177924351,124743880,1606321114714
375,0,6307,3495635,32203857762,0.00010854708854554654,124743880,1606321140081
376,0,6079,3516008,32203857762,0.00010917971461632864,124743880,1606321164884
377,0,8137,3531126,32203857762,0.00010964916147923955,124743880,1606321189793
378,0,6730,3536548,32203857762,0.00010981752640123339,124743880,1606321216769
379,0,7045,3536716,32203857762,0.00010982274316753641,124743880,1606321240976
380,0,7650,3557089,32203857762,0.00011045536923831852,124743880,1606321266786
381,0,5480,3572207,32203857762,0.00011092481610122943,124743880,1606321292374
382,0,6511,3577630,32203857762,0.00011109321207540365,124743880,1606321316510
383,0,6496,3577798,32203857762,0.00011109842884170667,124743880,1606321341420
384,0,5233,3577966,32203857762,0.00011110364560800969,124743880,1606321366094
385,0,5356,3613288,32203857762,0.00011220047072321932,124743880,1606321390794
386,0,8551,3598506,32203857762,0.00011174145739291444,124743880,1606321415514
387,0,6154,3618879,32203857762,0.00011237408346369654,124743880,1606321443151
388,0,6664,3619047,32203857762,0.00011237930022999957,124743880,1606321468764
389,0,6870,3654370,32203857762,0.00011347615639738957,124743880,1606321494980
390,0,8594,3639588,32203857762,0.0001130171430670847,124743880,1606321521427
391,0,7258,3639756,32203857762,0.00011302235983338771,124743880,1606321549703
392,0,7581,3660128,32203857762,0.00011365495485198945,124743880,1606321575973
393,0,7420,3675246,32203857762,0.00011412440171490035,124743880,1606321603504
394,0,7311,3680669,32203857762,0.00011429279768907458,124743880,1606321629469
395,0,6390,3680837,32203857762,0.00011429801445537759,124743880,1606321655723
396,0,8016,3701198,32203857762,0.00011493026789999521,124743880,1606321681742
397,0,5849,3716328,32203857762,0.00011540008738907062,124743880,1606321709442
398,0,7312,3721751,32203857762,0.00011556848336324483,124743880,1606321734737
399,0,7908,3721919,32203857762,0.00011557370012954786,124743880,1606321761208
400,0,6756,3722087,32203857762,0.00011557891689585087,124743880,1606321788623
401,0,7310,3757409,32203857762,0.0001166757420110605,124743880,1606321815040
402,0,7100,3742627,32203857762,0.00011621672868075563,124743880,1606321842681
403,0,5544,3763000,32203857762,0.00011684935475153774,124743880,1606321870060
404,0,6518,3763168,32203857762,0.00011685457151784075,124743880,1606321895060
405,0,7773,3798491,32203857762,0.00011795142768523075,124743880,1606321922201
406,0,6683,3783709,32203857762,0.00011749241435492588,124743880,1606321950059
407,0,7179,3783877,32203857762,0.0001174976311212289,124743880,1606321977446
408,0,6996,3804250,32203857762,0.00011813025719201101,124743880,1606322019545
409,0,7384,3819368,32203857762,0.00011859970405492191,124743880,1606322048557
410,0,7168,3824790,32203857762,0.00011876806897691576,124743880,1606322077216
411,0,9112,3824958,32203857762,0.00011877328574321878,124743880,1606322104449
412,0,7770,3845331,32203857762,0.00011940591181400089,124743880,1606322133559
413,0,6388,3860449,32203857762,0.0001198753586769118,124743880,1606322161502
414,0,8726,3865872,32203857762,0.00012004375465108602,124743880,1606322188975
415,0,9829,3866040,32203857762,0.00012004897141738903,124743880,1606322219170
416,0,6729,3866208,32203857762,0.00012005418818369206,124743880,1606322249914
417,0,8905,3901531,32203857762,0.00012115104435108206,124743880,1606322277055
418,0,8267,3886749,32203857762,0.00012069203102077718,124743880,1606322307076
419,0,9689,3907121,32203857762,0.00012132462603937891,124743880,1606322336325
420,0,7073,3907289,32203857762,0.00012132984280568194,124743880,1606322367015
421,0,7150,3942612,32203857762,0.00012242669897307194,124743880,1606322394701
422,0,6476,3927830,32203857762,0.00012196768564276706,124743880,1606322423008
423,0,7711,3927998,32203857762,0.00012197290240907008,124743880,1606322450876
424,0,6266,3948371,32203857762,0.0001226055284798522,124743880,1606322479170
425,0,9267,3963489,32203857762,0.0001230749753427631,124743880,1606322506511
426,0,6847,3968912,32203857762,0.0001232433713169373,124743880,1606322536761
427,0,7697,3969080,32203857762,0.00012324858808324035,124743880,1606322563855
428,0,9292,3989452,32203857762,0.00012388118310184207,124743880,1606322591909
429,0,6911,4004570,32203857762,0.00012435062996475298,124743880,1606322621842
430,0,7589,4009993,32203857762,0.00012451902593892719,124743880,1606322649856
431,0,7755,4010161,32203857762,0.00012452424270523022,124743880,1606322679033
432,0,8464,4010329,32203857762,0.00012452945947153324,124743880,1606322708666
433,0,7843,4045652,32203857762,0.00012562631563892322,124743880,1606322738110
434,0,7517,4030870,32203857762,0.00012516730230861835,124743880,1606322767319
435,0,5873,4091993,32203857762,0.0001270653047296862,124743880,1606325065123
436,0,5377,4066411,32203857762,0.00012627092785133013,124743880,1606325072449
437,0,8405,4071783,32203857762,0.00012643774016430522,124743880,1606322894568
438,0,7555,4086901,32203857762,0.00012690718702721614,124743880,1606322925166
439,0,6595,4072107,32203857762,0.00012644780107074676,124743880,1606322954592
440,0,7803,4092492,32203857762,0.00012708079976769338,124743880,1606322983468
441,0,8564,4092660,32203857762,0.0001270860165339964,124743880,1606323013335
442,0,9021,4127983,32203857762,0.0001281828727013864,124743880,1606323043378
443,0,6284,4113201,32203857762,0.0001277238593710815,124743880,1606323073755
444,0,7116,4133574,32203857762,0.00012835648544186362,124743880,1606323101142
445,0,8131,4133742,32203857762,0.00012836170220816665,124743880,1606323129544
446,0,7817,4169065,32203857762,0.00012945855837555664,124743880,1606323160207
447,0,6675,4154283,32203857762,0.00012899954504525177,124743880,1606323189949
448,0,7316,4154451,32203857762,0.00012900476181155478,124743880,1606323219686
449,0,9724,4174823,32203857762,0.00012963735683015653,124743880,1606323249832
450,0,6634,4189941,32203857762,0.00013010680369306742,124743880,1606323281829
